Id,ORGANIZATION,NAME,GENDER,SPECIALITY,ADDRESS,CITY,STATE,ZIP,LAT,LON,ENCOUNTERS,PROCEDURES
9797cc0f-13dc-3e9d-9b82-678fa4ea37f7,74ab949d-17ac-3309-83a0-13b4405c66aa,Ted955 Reilly981,M,GENERAL PRACTICE,881 Main Street,Fitchburg,MA,01420,42.586487,-71.80521,131,0
4a23537a-692f-34ff-aae6-1109fb1ad57a,faffaf6a-ee1a-3673-b0b0-421a9c249244,Gustavo235 Armstrong51,M,GENERAL PRACTICE,66 WASHINGTON ST,STOUGHTON,MA,020722571,42.14415820061801,-71.10378319512402,47,0
075a3cdc-67d4-3d11-98ac-110da63b7ec6,17a4bae5-8b64-34d7-8144-b428be027bd0,Olympia319 Ward668,F,GENERAL PRACTICE,512 MAIN STREET  SUITE 211,SHREWSBURY,MA,015456406,42.295109499999995,-71.71808471110307,7,0
f2ca17df-eed2-368e-bed2-efd467977e68,aa682136-a4df-3942-9f50-e6fcee6c0b73,Precious140 Runolfsson901,F,GENERAL PRACTICE,501 CORDWAINER DRIVE,NORWELL,MA,020611630,42.1647071,-70.88149077838713,6,0
e46d3bc9-19b8-383c-a49b-85da46254177,d2284f74-b6da-3a15-9791-84cdf2db18fb,Fernande593 Mosciski958,F,GENERAL PRACTICE,331 E FALMOUTH HWY,E FALMOUTH,MA,025366039,41.57853245,-70.5617374807812,158,0
9232c9ec-53b0-3ae9-bf60-60e17b326c3c,a418cf76-2ee3-3736-a752-29ee33e86015,Francene766 Kuhlman484,F,GENERAL PRACTICE,62 CENTER STREET,FAIRHAVEN,MA,027193823,41.63663425,-70.90101829397507,1,0
7e65ad25-a3b6-3a45-a2fa-52fbfb55c180,2936ca90-6594-357d-be14-53fe0ab84dd1,Avis183 Ankunding277,F,GENERAL PRACTICE,11 TREMONT ST,KINGSTON,MA,023641231,42.00823215,-70.72984043580247,27,0
ca119310-01f9-3217-995d-8592244c357b,41e77ca4-b0d7-3c1d-ac88-4ae5a705913d,Wanita14 Pfeffer420,F,GENERAL PRACTICE,20 CLAFLIN STREET,MILFORD,MA,017573356,42.137601149999995,-71.51680334935877,3,0
6e363a7a-05d6-3af7-aa0f-b906fa18d1b4,11ba6a26-59b4-3728-a268-6dc9929962b4,Archie818 McCullough561,M,GENERAL PRACTICE,200 GOVERNORS AVENUE,MEDFORD,MA,021551644,42.42711615,-71.1121606632448,1,0
a9c1ad4a-25a8-3d53-9309-1e7310db02ef,8a2e2731-3240-39d1-b4f0-cad14200937d,Randa356 Ritchie586,F,GENERAL PRACTICE,88 WASHINGTON ST,TAUNTON,MA,027802465,41.9062805,-71.09518121351795,1,0
89360790-5e2e-3779-ad4e-a91fa5bb38a9,1311c44a-85cb-3aea-a143-e5d7892ced8b,Kathrine376 Reinger292,F,GENERAL PRACTICE,300 KENSINGTON AVE,SPRINGFIELD,MA,011071139,42.091896,-72.559437,8,0
93746fe0-4629-3758-948d-530ed83b6aa2,4846e68f-845b-38e6-aa40-48196bf9ff0e,Wesley533 Corwin846,M,GENERAL PRACTICE,130 COLRAIN RD,GREENFIELD,MA,013019625,42.59140995,-72.62336230812821,1,0
9e16f182-e1e2-3589-865d-af405e799280,a4af40b8-0ddb-34bb-ae4a-95a17e9ad6f3,Tambra47 Heaney114,F,GENERAL PRACTICE,100 MYLES STANDISH BOULEVARD  SUITE 103,TAUNTON,MA,027807340,41.948930849999996,-71.14141318475193,12,0
e8330b04-93af-3f4d-a08d-1212423083dd,5d4da50c-8593-304f-b266-57d8f7d634a2,Danette111 Klein929,F,GENERAL PRACTICE,250 SHEARER ST,PALMER,MA,010691428,42.168634600000004,-72.33353526811578,1,0
442f6cb0-29c2-39c1-845a-db3fae504f29,7f08f09e-c5f7-38cd-83ba-ddafedd88a13,Shayne60 Pacocha935,M,GENERAL PRACTICE,133 SALEM ST,REVERE,MA,021511114,42.43833805,-71.01730877599738,1,0
5e72c558-ae9a-35a7-a6ea-873e8079dbed,643eac8e-1620-3b6a-b9f3-664b003d22cd,Frederick289 Kiehn525,M,GENERAL PRACTICE,34 GIFFORD ST,NEW BEDFORD,MA,027442610,41.6177929,-70.91890087055067,11,0
b67122c0-3238-36e2-ab6a-a6f72189859f,84abfbd5-41c1-3df4-9b31-7ca93cb2309a,Cole117 Block661,M,GENERAL PRACTICE,85 HERRICK ST,BEVERLY,MA,019151790,42.56415055,-70.8751357650672,56,0
00be71ce-3027-3878-86a9-fa73c047300c,1ddd51d1-7297-3c3b-bad5-98aecd5e4a79,Dinah304 Kub800,F,GENERAL PRACTICE,127 CAMBRIDGE STREET  SUTIE #2B,BURLINGTON,MA,018033735,42.50188325,-71.19559351572005,3,0
fa4c3c1e-91cc-3ab8-a2d4-9fe7f6fb572f,2e1eaaf1-ebb0-332c-8921-f48e15b91879,Tambra47 Nolan344,F,GENERAL PRACTICE,2 SEAPORT DRIVE,QUINCY,MA,021711599,42.29287335,-71.03019020136307,1,0
15c953b9-8aca-3fc8-8f5c-0d917da847bf,bff65303-97b4-3841-950a-1c9e9e735de0,Alline927 Schimmel440,F,GENERAL PRACTICE,100 AMITY ST,FALL RIVER,MA,027212202,41.6737661,-71.16934217317342,1,0
af7d7a2a-46b9-3a08-a1aa-bdd2d3f5fac5,352fd476-d328-3a61-9f9b-d2c2fbb2a233,Shad704 Barton704,M,GENERAL PRACTICE,68 DEAN ST,TAUNTON,MA,027802713,41.904424750000004,-71.07901221565147,1,0
f9e67288-2cdb-30f6-a899-a2a344537abb,4ffa4412-1493-3beb-b8f0-6614dde953a4,Sulema841 Ryan260,F,GENERAL PRACTICE,363 HIGHLAND AVENUE,WAREHAM,MA,025715011,41.745636,-70.658192,359,0
80de8869-3790-35de-8984-13a2577b86f5,a14e698d-a9ba-3eae-9c8b-682ec726433d,Brian582 Cummerata161,M,GENERAL PRACTICE,776 WESTERN AVE,LYNN,MA,019052408,42.466763,-70.9494939,9,0
3caaf2b7-47d5-3300-b48b-5f3bb9ffafc1,dd9914b0-9491-3330-a890-d34e95e497ea,Taylor21 Haley279,M,GENERAL PRACTICE,1061 PLEASANT ST,NEW BEDFORD,MA,027406728,41.64280275,-70.92865004309593,14,0
9ad35922-b54d-3540-8814-fd3d8f50ba9a,4c1a8ea6-b690-3c28-a02e-ebd82190ee65,Marcos263 Cronin387,M,GENERAL PRACTICE,885 WASHINGTON ST,BOSTON,MA,021111415,42.3479909,-71.064924,1,0
4d404eaa-1648-3958-a7fb-44feadfe9340,5ba6765a-f335-36b0-9c6a-6bb494c5330d,Sasha806 Schamberger479,F,GENERAL PRACTICE,31 OLD ROUTE 7,WESTWOOD,MA,020902333,42.2139873,-71.2244987,3,0
6c31d0f4-e409-38ef-8320-55b8c2889ba9,b6eeaaf7-1683-3bcb-b6ee-81ce304636ef,Ariane992 Pagac496,F,GENERAL PRACTICE,170 GOVERNORS AVE,MELROSE,MA,021763225,42.4564323,-71.064182,292,0
08724f3f-71a3-35fb-8e85-9cb0f1301781,65eda534-1bdc-3192-8d02-1c3764447790,Alonso270 Hand679,M,GENERAL PRACTICE,1244 BOYLSTON ST,CHESTNUT HILL,MA,024672115,42.3214927,-71.1711481,67,0
266befbb-ed2c-30e0-8e4d-89183e21b3f2,de29a374-221b-3cb4-8051-a02c1a35e5b7,Gabriel934 Alcántar600,M,GENERAL PRACTICE,562 WASHINGTON ST,SOUTH ATTLEBORO,MA,027036942,41.912892049999996,-71.36135809627689,42,0
7799a799-cc46-3eb9-82ac-ea446da0969c,1faab3d1-2ae5-3110-8e5f-c65b92ca906d,Ester635 Méndez913,F,GENERAL PRACTICE,29 LEWIS AVE,GREAT BARRINGTON,MA,012301713,42.19093125,-73.3715000043024,63,0
2e8a5e28-0cbb-38d1-b742-4b15850f21df,c64c848c-0315-3115-87fa-80c360bb6a73,Mitchel812 Zieme486,M,GENERAL PRACTICE,142 BERKELEY ST,BOSTON,MA,021164608,42.3489076,-71.0721378,27,0
84e80bb2-9b72-3994-a8c2-6b250a1ae8b4,76281d34-caff-30e0-8545-bcdf33182109,Jane262 Schmeler639,F,GENERAL PRACTICE,500 WILBUR AVENUE,SOMERSET,MA,027252051,41.72075205,-71.16843052114558,6,0
0edf2d38-f8b8-3d8e-9e7a-b26526c675e8,b3ada130-6443-3a8e-98c7-4ec127a2b0c4,Natalya468 Haley279,F,GENERAL PRACTICE,ONE GREAT ROAD,ACTON,MA,017205601,42.4850931,-71.43284,40,0
bc054073-9bc1-346a-9587-d19a80bd4625,acffdfa8-1383-3929-8c99-e73969491439,Iva908 O'Keefe54,F,GENERAL PRACTICE,1153 CENTRE ST,BOSTON,MA,021303446,42.3017598,-71.12855793387442,88,0
1d710945-d714-3262-8022-a4b1ff9c0499,1e11392b-1278-3e70-93cd-f396cbd0c265,Gino587 Block661,M,GENERAL PRACTICE,115 LINCOLN ST,NATICK,MA,017607700,42.2843753,-71.3441395,1,0
a650a77f-11f4-3a5e-9fa6-53345051afea,13161e5b-02d2-3d19-8b48-26ef0becfc83,Erasmo545 Crooks415,M,GENERAL PRACTICE,165 CAPTAIN'S ROW,CHELSEA,MA,021504019,42.3917638,-71.0328284,3,0
417b3227-5c41-3746-9895-3d944a0c35de,4bc0cc09-77e5-37f5-844d-64a6637cae54,Carlena776 Feil794,F,GENERAL PRACTICE,91 EAST MOUNTAIN ROAD,WESTFIELD,MA,010851801,42.110743549999995,-72.70066160206358,143,0
7faff46e-afa8-3737-8b67-13104dcdf1b0,0fedae9f-701f-3317-9b2f-69aea2202cdc,Willian804 Batz141,M,GENERAL PRACTICE,88 EAST NEWTON STREET,WINTHROP,MA,021522715,42.3750976,-70.982827,27,0
296194e4-0513-3a18-bfe0-2f3fcfb29428,0cc04ba5-137a-3ef8-acda-e79b25960b2a,Fallon874 Homenick806,F,GENERAL PRACTICE,25 ADAMS ROAD,WILLIAMSTOWN,MA,012672928,42.7009605,-73.18515951851253,4,0
d626c497-b46c-3c0c-ac73-5a121dd9e769,aade280a-3b90-3e48-9648-91109a964a63,Johna806 Klein929,F,GENERAL PRACTICE,909 SUMNER ST,DARTMOUTH,MA,027473826,41.6332267,-70.9879928,345,0
e76aced9-a3f5-3946-9cf6-998cce8cb23e,e59fb2d5-508c-38c6-af2e-21d8216dd2b0,Nicholle822 Fisher429,F,GENERAL PRACTICE,759 CHESTNUT ST,WARE,MA,010821625,42.256476,-72.237482,44,0
8a5bc28b-adf5-3bc2-8088-4869d2476fc9,ecadbc11-930c-3903-b706-f8ef4bc9089e,Earlene410 Baumbach677,F,GENERAL PRACTICE,780 CHESTNUT ST,SPRINGFIELD,MA,011031109,42.1211633,-72.60614164702717,28,0
7f6b073a-233f-3b6d-9fd6-2b83ff68fe31,ad007cc5-a3df-3aa7-886d-5123ab59d189,Tiesha180 Maggio310,F,GENERAL PRACTICE,85 N WASHINGTON ST,NORTH ATTLEBORO,MA,027601634,41.98443775,-71.33190349847027,4,0
33c1ccbe-237e-3699-b4f1-08d54d40eb90,794b1cc2-97be-30a4-83a0-4bf6add43c74,Lillia547 Gutmann970,F,GENERAL PRACTICE,215 THATCHER STREET,BROCKTON,MA,023023949,42.0740963,-70.99660306096918,3,0
c71539a3-ffc4-326e-a0df-9ce3f9ac6bde,0fab3c4e-a028-39a6-b15a-be5a88b6aa2a,Cletus494 Paucek755,M,GENERAL PRACTICE,222 STATE STREET,LUDLOW,MA,010563437,42.15547415,-72.47222226666076,99,0
0717988f-344c-3633-9a57-6da007df9606,86880e58-8753-3c63-b057-33781df70528,Jon665 Keeling57,M,GENERAL PRACTICE,49 SAMOSET AVE,HULL,MA,020452512,42.2810432,-70.8703157542509,59,0
3b09f669-9e3c-367e-81aa-4ae2cf560d1e,ce53c877-0290-390a-b4b4-2462001a1713,Anabel269 Hilll811,F,GENERAL PRACTICE,847 ROGERS STREET  SUITE 201,LOWELL,MA,018524345,42.6275246,-71.27673639687623,2,0
44ffc4b1-4f28-3634-9359-d6d42b90ce85,00ffb204-07b4-3c72-a678-fa252e6cf86c,Julio255 Olivo261,M,GENERAL PRACTICE,450 BEDFORD ST,LEXINGTON,MA,02420,42.47370735,-71.25090005,76,0
9892b8b9-7883-3b72-830c-1e7fbfb50b84,ad82d624-72eb-3c7d-a76d-79f2668d1390,Mathew182 Howe413,M,GENERAL PRACTICE,3 WOODLAND RD,STONEHAM,MA,021801711,42.452443099999996,-71.08939988105112,28,0
66a9f59d-3e35-3546-bf52-eeae73bc3736,70a26106-6797-39f8-83e6-6bcf212b99ad,Virginia437 Villarreal550,F,GENERAL PRACTICE,340 MAIN ST,WORCESTER,MA,016081601,42.53616075,-71.74831883675786,38,0
72a7a05f-5f89-338f-bb32-69c54d75d372,b8421363-9807-3b16-a146-95336eea5cfb,Cleveland582 Kuphal363,M,GENERAL PRACTICE,30 LOCUST ST,NORTHAMPTON,MA,010602052,42.33032115,-72.65330802608176,48,0
16fc472a-a8b5-321b-a22c-44fe7b885882,945104f1-4b95-3eed-bd02-5efa0afbf34d,Lauri399 Keebler762,F,GENERAL PRACTICE,20 CENTRAL AVE # 506,LYNN,MA,019011201,42.46410018181818,-70.9465129090909,1,0
81af208f-590d-3240-b9e9-65b9ab172609,fbd4ccdf-2fdb-3652-9bbe-1ccff886bd34,Tana168 Collins926,F,GENERAL PRACTICE,320 CENTRAL STREET  UNIT A2,SAUGUS,MA,019062372,42.4632069,-71.0093761,13,0
463af7e1-83e5-395f-a696-4049e39b7679,901c2d40-1ca3-3879-9a20-c663b8adc0a9,Chanelle850 Schuster709,F,GENERAL PRACTICE,800 WASHINGTON STREET,STONEHAM,MA,021802445,42.4863168,-71.0928919,85,0
a9322308-c377-3bc5-9570-a5fad46f43a8,b9e35b8a-9831-32d8-a6dc-d7a546c126b0,Venus149 Blick895,F,GENERAL PRACTICE,111 HUNTOON MEMORIAL HIGHWAY  1ST FLOOR,SPRINGFIELD,MA,011092550,42.1018764,-72.5886727,61,0
cfe70be9-2e06-3601-9998-9d1ee2982f95,22249c0a-8ce9-3726-a3bb-b037c773ce5c,Leah288 Sauer652,F,GENERAL PRACTICE,337 NEPONSET AVENUE,DORCHESTER,MA,021223103,42.2875144,-71.0470691675753,4,0
f0d819ab-e6ed-3d39-b340-6d54378d79ce,38508743-50d1-3429-8fe2-37e42ddaf20e,Marth98 Mayer370,F,GENERAL PRACTICE,164 HIGH ST,GREENFIELD,MA,013012778,42.595268700000005,-72.59288632376354,363,0
c95961bb-54a5-3dae-a872-1ac7638340af,e1818b21-4458-3b9c-b2b8-7ed6f57ae078,Tamisha203 Wilderman619,F,GENERAL PRACTICE,2399 BOSTON ROAD,WILBRAHAM,MA,010951185,42.14668485,-72.45048427046072,14,0
e5513700-b34f-3666-ba21-bdba28218baf,328f813e-4de8-3ec2-a113-43f3ddfb0b2a,Eldridge510 Roob72,M,GENERAL PRACTICE,30-40 WESTPARK STREET,BROCKTON,MA,023015241,42.0834335,-71.0183787,43,0
ba61c571-ca4f-35ed-8538-aa30afa9d8e1,8d110f42-6f75-3751-b0c5-b45ab08333a1,Lino542 Feest103,M,GENERAL PRACTICE,88 WASHINGTON ST,TAUNTON,MA,027802465,41.9062805,-71.09518121351795,172,0
102e0aee-f3eb-3223-a464-792c5d5f3dd8,200746fc-5d0f-3ec7-a2a9-3d9a219ee139,Latrisha74 Rippin620,F,GENERAL PRACTICE,800 CUMMINGS PARK  SUITE 3100,WOBURN,MA,018016355,42.4977745,-71.1237712,3,0
353d6c4f-3855-3a33-90db-489426d95637,dd3307db-114c-3f11-be44-a9eef6bb3fc5,Francis500 Ratke343,M,GENERAL PRACTICE,269 UNION STREET,LYNN,MA,019011201,42.4652772,-70.94362420273097,26,0
095c232f-5c82-3448-9a14-fee7b585b1cd,36d96ba1-1b43-3fda-b4b0-84205d5b3a16,Kurtis994 O'Conner199,M,GENERAL PRACTICE,10 BELLAMY ST,BRIGHTON,MA,021351502,42.354847649999996,-71.16853348093532,2,0
2c955fc3-503e-31f6-97d0-60c2c30b5416,15d4c950-4691-3996-b4c4-bf06bfb58ff7,Azucena377 Crona259,F,GENERAL PRACTICE,70 EAST ST,METHUEN,MA,018445883,42.7285558,-71.16833738237946,16,0
62f04e74-864d-358d-9419-4735f5213776,655f2a4f-419c-39d3-8ed6-6c4117eb7e32,Gerardo48 Herzog843,M,GENERAL PRACTICE,21 MAIN ST,NORTH READING,MA,018641326,42.566971949999996,-71.10799861135133,64,0
e5ab884c-ec34-3073-af02-2578d42b796c,2e8b42f8-4300-30a9-a576-d513d1021a0a,Beverlee316 Haag279,F,GENERAL PRACTICE,600 CLARK RD,TEWKSBURY,MA,018761699,42.63120935,-71.27023603178071,61,0
61f78bff-fec3-30b0-b51b-f58d821dfdba,0caa0116-ef9a-3d4c-bcff-9c405a9d2bda,Yasmin241 Emard19,F,GENERAL PRACTICE,105 CHESTNUT ST STE 35,PLYMOUTH,MA,023604054,41.884685,-70.847219,43,0
f07d64dc-f775-3740-9365-f418994c162d,d140ed3f-2696-3e78-bd77-1c959ec4fc4d,Orpha286 Marks830,F,GENERAL PRACTICE,863 HATHAWAY ROAD,NEW BEDFORD,MA,027401916,41.6512968,-70.9669902070805,17,0
b3ef1ba9-2a6b-32a5-a28f-07823886168a,1cff30ba-b91f-3ea2-b80b-770d67856358,Annamae625 Halvorson124,F,GENERAL PRACTICE,359 JONES RD,FALMOUTH,MA,025403341,41.5591273,-70.60352436630029,18,0
98200a3e-f1fd-3c21-8612-7b62cb8b905e,d4e48a16-0a60-3e90-81e5-c35b22ffe6af,Bertram873 Kutch271,M,GENERAL PRACTICE,856 STATE RD,NORTH ADAMS,MA,012473027,42.69967208677275,-73.16330754755236,5,0
c4d44e02-e576-3693-8e48-4c674fcf5d8e,39c15c0f-5c49-311e-99d2-1fb99d80e06e,Salvador46 Homenick806,M,GENERAL PRACTICE,398 NEPONSET AVE,DORCHESTER,MA,021223134,42.286764399999996,-71.04402811508834,29,0
25a2aafc-bfed-31c3-88d2-0ac37210b495,8f22037a-070f-3fcf-8f39-fa879f0ae107,Ina660 Hermann103,F,GENERAL PRACTICE,567 DARTMOUTH ST,S DARTMOUTH,MA,027481826,41.61112,-70.93937914285715,2,0
2da830cd-88ef-3308-9df0-cf8ea4bd5d89,bccd7d67-203c-3d93-b6b0-bff5a146cd1d,Courtney281 Kihn564,M,GENERAL PRACTICE,286 WASHINGTON ST,STOUGHTON,MA,020721763,42.1384306,-71.1022598,5,0
70ac0217-a4d0-3d66-bfed-f543472a500b,263d1b03-1560-3fc3-b93d-c33a0cbd5837,Clemente531 Treutel973,M,GENERAL PRACTICE,10 RIVERSIDE DRIVE  STE 201,LAKEVILLE,MA,023471689,41.8771119,-70.92344635,2,0
963a9d9d-e33c-3209-8976-bbd696abb38e,a2a41caf-758f-3962-8e5f-e6e603f93d17,Noelle559 Padberg411,F,GENERAL PRACTICE,111 HUNTOON MEMORIAL HWY,ROCHDALE,MA,015421305,42.2020225,-71.89891616754682,672,0
2188edf5-ddc1-3c31-9a7d-efb1db56ec32,19a65317-5d32-355e-8f82-88933d48366d,Wes853 King743,M,GENERAL PRACTICE,5 PRECINCT ST,LAKEVILLE,MA,023471468,41.8455651,-70.95195924208448,41,0
cba554e3-221c-3f9c-b913-3d72597042a0,a6fb79e7-4abb-3a68-b62d-e501427fdca4,Ricky354 Renner328,M,GENERAL PRACTICE,489 WASHINGTON ST STE 202,AUBURN,MA,015015709,42.187836,-71.83104,68,0
f3d4e1f2-33c2-3faa-9235-af7fdd87cb2c,ea8d287f-b3a9-3800-8798-788e334ee406,Shirly501 Kuphal363,F,GENERAL PRACTICE,81 HIGHLAND AVE,SWAMPSCOTT,MA,019072928,42.4699241,-70.9171507,113,0
39582a21-7d3d-3ad7-baa2-1099a16189c8,c7542447-e06e-32cb-b6db-243c23a0dbc2,Carson894 Krajcik437,M,GENERAL PRACTICE,30 WARREN ST,BOSTON,MA,021353602,42.3501483,-71.14393324457691,664,0
1dc4848a-5431-3e95-926c-20311e4884ce,d9fe2c9c-135e-3da3-8de8-1a0ff165d886,Bettina657 Marquardt819,F,GENERAL PRACTICE,1430 MAIN ST,WORCESTER,MA,016091121,42.2492003,-71.92931780325071,46,0
54b0e2a5-6f0a-31f1-9996-1ed8bd626299,50c47685-8125-3c50-8311-8bd7ba9e9108,Beth967 McKenzie376,F,GENERAL PRACTICE,4199 WASHINGTON ST,ROSLINDALE,MA,021311733,42.2871447,-71.1277526,130,0
1e7f477e-eae8-3208-91a5-d9945167f858,46375470-1e20-3ddc-8dc5-010ba53826b6,Clara183 Reynolds644,F,GENERAL PRACTICE,40 WRIGHT ST,PALMER,MA,010691138,42.16934095,-72.34120457065711,80,0
2f328825-406f-364d-9e40-870f9db283ad,aba3e6f6-4562-342e-b90f-dd61b117f394,Maryjane289 White193,F,GENERAL PRACTICE,438 CHESTNUT STREET,SPRINGFIELD,MA,011072008,42.11291091861002,-72.59692685125127,3,0
4b0c7739-628a-37b7-ae45-74645d10a666,a4b91172-69e7-3895-bd89-b9a0868de5c2,Shanita956 Wolff180,F,GENERAL PRACTICE,651 ORCHARD ST,NEW BEDFORD,MA,027441052,41.6149879,-70.93113851963673,92,0
7ddc5925-ff06-3145-9f06-2ca4c01c5024,30547c24-6d41-3a9d-8a21-cc3606224d38,Jeffery551 Farrell962,M,GENERAL PRACTICE,1200 BRUSH HILL ROAD,MILTON,MA,021862337,42.23073215,-71.122659913074,2,0
ccb3eada-db27-3400-aa29-e9350d1e4e1a,72f50aa0-d8c9-34dc-ac58-c428323f3bcd,Danuta945 Little434,F,GENERAL PRACTICE,55 FRUIT ST,BOSTON,MA,021142696,42.36286045,-71.06875296664998,28,0
d242703f-f6e2-356c-bc59-76bcc98dcb50,9203d0d2-ca7d-3421-9361-974402ffb561,Shelby741 Shields502,M,GENERAL PRACTICE,58 OLD NORTH RD,WORTHINGTON,MA,010989708,42.414246,-72.93841842197347,17,0
0e58ebf8-8593-37fc-8fb8-57f91779826c,eee00932-ca82-36bc-b7e8-e3fff6dbaeaa,Leif534 Hane680,M,GENERAL PRACTICE,450 BROOKLINE AVE,WEYMOUTH,MA,021893141,42.2212188,-70.9391625,133,0
fc62d25a-02a2-3291-83fd-1ff2a17a82f8,be509ccb-bfb7-3b87-8945-8426b689ef9d,Man114 Balistreri607,M,GENERAL PRACTICE,2049 DORCHESTER AVENUE,BOSTON,MA,021244742,42.3554334,-71.060511,2,0
521e3f40-3424-3f9d-a7e6-f41dc692745f,065eba51-cef7-3976-8654-ba8e7df887ce,Traci329 Block661,F,GENERAL PRACTICE,1165 NORTH PLEASANT STREET,AMHERST,MA,01002,42.40927615,-72.52971238527101,2,0
dbec3df1-44c6-35a2-b938-96821aad51c6,6873525f-1680-3ceb-b536-270d44b46e2e,Lai148 Nicolas769,F,GENERAL PRACTICE,500 COLUMBIA RD,DORCHESTER,MA,021252322,42.3147979,-71.067633,55,0
73f4bbbc-3a37-3e9a-aadd-d15343c56ca4,f8918a95-31e8-3ac4-8d12-29ca6080ebda,Domitila545 Vandervort697,F,GENERAL PRACTICE,199 REEDSDALE RD,MILTON,MA,021863926,42.251368299999996,-71.0768393856917,161,0
3779ea9c-e5c2-3232-8b19-400f53d29ffe,bce5b907-584b-345d-bbcf-912cf56cb6c3,Monte325 Parisian75,M,GENERAL PRACTICE,11-15 SANDERSDALE ROAD,WORCESTER,MA,016032467,42.0667952,-72.0084995,143,0
0e4b9514-cd4d-38a9-8b69-bd98547031af,9cec3b3c-fe3f-344e-b9c3-e414dafcd19f,Parthenia862 Dickens475,F,GENERAL PRACTICE,120 MAIN ST,MALDEN,MA,021486904,42.41918695,-71.06618960434116,1,0
86124c69-b584-36ae-95f7-f417e4884c13,8d5880eb-1dd8-31ea-b7c5-21709f3bb341,Jared66 Satterfield305,M,GENERAL PRACTICE,50 ROWE ST,MELROSE,MA,021763201,42.4592093,-71.06078096379728,71,0
d389bdd9-4519-3218-a8e7-76cd032529df,3ff0f58b-7a1f-3334-9449-ff15f68b7d86,Juan88 Tirado305,M,GENERAL PRACTICE,275 SANDWICH ST,PLYMOUTH,MA,023607761,41.94186605,-70.6455366462985,31,0
bc61f0bf-5b3f-33fe-bf1f-7786c8f0a641,70e3ad4f-b9ff-3f3e-9990-2cd7e23a9d1c,Tambra47 Bosco882,F,GENERAL PRACTICE,1238 RIVERDALE ST,WEST SPRINGFIELD,MA,010894675,42.1373438,-72.62624707492338,5,0
9f1efba6-8e5b-3d18-be93-7b57b1c86991,dd280187-8662-3732-af81-595d10572911,Clifton91 Lakin515,M,GENERAL PRACTICE,4499 ACUSHNET AVE,NEW BEDFORD,MA,027454707,41.74026055,-70.9450945705336,55,0
21936da7-6039-34a0-baf2-4bdbd105858c,a6964d47-8af0-3df2-b99d-d8414eb1cfa3,Reggie481 Schiller186,M,GENERAL PRACTICE,200 MAY ST,SOUTH ATTLEBORO,MA,027035520,41.924394750000005,-71.36076410900014,270,0
de958a93-2bb4-3605-bd7a-ae17986c39a2,dae3ee01-f383-366e-9ad6-dc92963064ea,Kristin64 Will178,F,GENERAL PRACTICE,1233 MAIN ST,HOLYOKE,MA,010405381,42.16578055,-72.63389634691956,242,0
ecee9942-77e3-36e0-adbc-bbc2c5a1905b,dac75bc1-cbfa-306b-9a0a-88d5edf3638d,Henry768 Ebert178,M,GENERAL PRACTICE,170 COREY ROAD,BRIGHTON,MA,021358244,42.3433093,-71.14003855124017,14,0
cf7367a5-21fd-34e2-aacd-c13e590b42ac,371948e4-733a-33b6-a835-68abefdeb59f,Roxanna261 Gleichner915,F,GENERAL PRACTICE,197 ADAMS RD,WILLIAMSTOWN,MA,012672930,42.704126099999996,-73.19043030392987,46,0
e413bba4-2c85-317a-8454-e337455d7964,f82ff162-c689-3682-876c-220cf96eb97b,Billy698 Schoen8,M,GENERAL PRACTICE,74 MAIN ST,FRAMINGHAM,MA,017022952,42.2976266,-71.42605348361442,55,0
9297bd0c-c10e-34af-a5b2-7d5aa67c8036,de32e6d9-848e-35d4-a217-e62eb5e0bc7b,Elise948 Abbott774,F,GENERAL PRACTICE,77 HIGH ST,NEWBURYPORT,MA,019503071,42.8055312,-70.87001791778893,2,0
d6dbeac8-7a51-3bde-be5a-542f6e5b1a11,a2cc09de-c1e2-3126-8c09-d49f95225281,Darnell564 Leannon79,M,GENERAL PRACTICE,300 LONGWOOD AVE,WALTHAM,MA,024532741,42.3756401,-71.2358004,193,0
4802e4c7-b276-33ea-824d-37bcd55bf1c1,9f2f60a6-87a4-3f45-b753-b63b5b7e9993,Maricruz991 Considine820,F,GENERAL PRACTICE,332 HANOVER STREET,BOSTON,MA,021131901,42.3647421,-71.0536619,9,0
bde0fb9f-e862-3705-8c75-45fd6beb56d5,f341c366-8313-3790-ab26-d8d27b116ff5,Augustine565 Greenholt190,M,GENERAL PRACTICE,80 LINCOLN STREET,WALTHAM,MA,024535465,42.39322121170625,-71.24104146434591,5,0
071a2ee7-87f2-3299-adb2-aeee21f4aa9e,f312977e-8f41-3816-84cc-e5b12ba36955,Eldora89 Langosh790,F,GENERAL PRACTICE,1153 CENTRE ST,JAMAICA PLAIN,MA,021303446,42.3017598,-71.12855793387442,13,0
7145a74b-208a-30c7-8e2d-30bde00ff04e,5c896155-eb9a-383e-9162-a43ebb7f1cc5,Marta91 Alcántar600,F,GENERAL PRACTICE,400 LINDEN PONDS WAY,HINGHAM,MA,020433784,42.1972249,-70.91712645007524,1,0
8322807c-a605-3205-ab40-e174629c7eca,c5403c4f-14d5-3171-9227-a9b8327f3149,José Luis472 Calderón210,M,GENERAL PRACTICE,52 OLNEY RD,CHICOPEE,MA,010202103,42.1487691,-72.6071119,62,0
3c38a3d2-e1f9-30ff-bf5c-9490572ba916,389323ef-b127-3a06-a22d-e24aef033e5d,Dina200 Streich926,F,GENERAL PRACTICE,200 PROVIDENCE HWY,DEDHAM,MA,020261881,42.22214545274341,-71.18159060546684,34,0
10da9e0c-554f-397e-adf6-0781a5d7a736,bebc1dac-6c42-3225-b0ba-23278cdf2a62,Cherry401 Hackett68,F,GENERAL PRACTICE,464 MAIN STREET,AGAWAM,MA,010011826,42.07695165,-72.62026217030348,19,0
677045dd-ed79-3ab4-a837-322ff8cf23c4,ce4d0501-49eb-396a-bc56-545fdfc624b0,Mauricio81 Daniel959,M,GENERAL PRACTICE,1 HOSPITAL RD,OAK BLUFFS,MA,025571406,41.46063105,-70.57989080295974,174,0
ec3f6831-158c-3459-8180-f5f0a859871b,1ef8d603-bec1-35f5-a830-2a0b919cf47f,Thresa531 Kutch271,F,GENERAL PRACTICE,1801 TURNPIKE STREET,NORTH ANDOVER,MA,018456322,42.6355548,-71.0761760490546,1,0
3ca7b931-4a99-376c-b5bf-56e299179185,afc661fd-71d9-3fc3-adf2-3fc3b5e8a140,Leontine92 Schmeler639,F,GENERAL PRACTICE,680 CENTRE ST,RAYNHAM,MA,02767,41.9487118,-71.0731008,148,0
a75d0821-20c3-38f6-9f51-4922af430360,06cc2462-430f-3322-9c87-7e971125f510,Bryon392 Mann644,M,GENERAL PRACTICE,133 OLD ROAD TO 9 ACRE COR,WESTFORD,MA,018863198,42.5792583,-71.4378411,66,0
166c089a-a2fc-3bd0-89c9-70eab129ad06,479427f6-9419-3eba-b2c2-b037b4b89493,Karlene380 O'Keefe54,F,GENERAL PRACTICE,180 GEORGE WASHINGTON BLVD,HULL,MA,020453069,42.2630377,-70.8606109,8,0
affd88a4-9161-348e-a6c0-501fe437e433,37cba62c-ea42-3930-a1e1-7a285ace4b8a,Sang383 Flatley871,F,GENERAL PRACTICE,58 PRINCETON RD,MALDEN,MA,021484411,42.4367715,-71.05428049538298,4,0
5fe43eb7-0f95-3e71-b3e1-ef466f7c3df5,ee7fab6f-6438-394f-b1f2-3e452f8f055a,Domonique463 Satterfield305,F,GENERAL PRACTICE,75 BRIMBAL AVENUE,BEVERLY,MA,019156009,42.570099299999995,-70.87108224250409,9,0
4f8cef6f-b88b-3ac9-a33a-5b4ea95b485a,79508e39-d0b0-3613-9d54-168f6e1c3a18,Antonette454 Tromp100,F,GENERAL PRACTICE,200 GROTON ROAD,GROTON,MA,014502056,42.577352149999996,-71.57414587343038,13,0
aba6317c-8380-39f0-9c41-f59c21313ae4,1ce0d1a3-b507-3ad1-afc5-b25bfe48b8dc,Ernesto186 Aguayo104,M,GENERAL PRACTICE,10 PEARL STREET,STOUGHTON,MA,020722364,42.125716800000006,-71.1025481568314,5,0
24ae66f3-f7a9-3bcd-83b2-142c049de5e4,352f2e3b-0708-3eb4-9f7e-e73a685bf379,Araceli695 Willms744,F,GENERAL PRACTICE,157 UNION ST,SOUTHBOROUGH,MA,017721215,42.3056501,-71.5245087,157,0
eb19022f-df24-3df8-a99a-b43af8d6e2ce,2164ee72-e9d8-312a-8bf4-a4abc55771b7,Alva958 Ritchie586,M,GENERAL PRACTICE,84 CHAPIN ST,SOUTHBRIDGE,MA,015502408,42.073771750000006,-72.03709326666669,2,0
554a124f-7182-396c-adc7-5c2cdee80e6e,a2d45ee8-b930-3169-b612-f602961ad212,Adán600 Abeyta738,M,GENERAL PRACTICE,37 MINUTEMAN WAY,SHREWSBURY,MA,015452229,42.288207,-71.73443816915585,53,0
078e549e-2d33-315e-85ca-36e7e94f529d,4887dc20-9ef6-3cc2-9c56-858388049a50,Kimberlie352 Kertzmann286,F,GENERAL PRACTICE,168 WEST CENTRAL STREET,NATICK,MA,017604122,42.282113100000004,-71.37898579435048,9,0
c70ce247-8c11-39f6-add4-4faacb813987,10ffe7b1-2f94-3f12-9288-679da05a1ec9,Odessa199 Hintz995,F,GENERAL PRACTICE,133 LITTLETON RD,WESTFORD,MA,01886,42.57056335,-71.41736646422413,45,0
6f448428-b908-32af-b51d-d88e931bf999,e6d63525-40f0-3391-a58a-e6a03598911f,Dorotha379 Kassulke119,F,GENERAL PRACTICE,400 STANLEY ST,FALL RIVER,MA,027206009,41.7148511,-71.13527009152534,17,0
e04315d8-b242-39f3-ac43-cf95508c8978,fb4a08b8-57ee-382b-b3cb-43d94f1bb4c0,Theo630 Hammes673,F,GENERAL PRACTICE,1010 SOUTH MAIN STREET,FALL RIVER,MA,027242855,41.690775450000004,-71.16515282264554,46,0
e6d0d731-751f-3368-814a-eddae4efecdc,2b97893e-dc50-378b-a266-f089b8450329,Eva64 Tamayo777,F,GENERAL PRACTICE,250 MOUNT VERNON ST,DORCHESTER,MA,021253120,42.3194571,-71.04610844302991,30,0
db565428-f034-3165-96db-203fe32ffee0,d0894f6b-78d7-338d-82ad-b63de4d40014,Lynsey2 Lemke654,F,GENERAL PRACTICE,330 MOUNT AUBURN STREET,WALTHAM,MA,02452,42.3756401,-71.2358004,24,0
060de5d5-8b70-3f1f-9be2-0b2e1a646d87,3d5fbf38-c781-3e04-8c7e-5a402611b7d4,Enriqueta274 Barton704,F,GENERAL PRACTICE,260 ELM ST,SOMERVILLE,MA,021442951,42.3955992,-71.1227391,36,0
2386040a-7a44-3a5b-8e67-9c95e8ecbfc5,f43f97f2-af04-3ed0-a42e-3681718cc9b2,Jacques50 Quigley282,M,GENERAL PRACTICE,725 NORTH ST,PITTSFIELD,MA,012014109,42.4600752,-73.2492795834909,9,0
cbaede6a-d8ff-32c8-8cf6-f072fcdb35b9,2f67494e-f17e-3248-ba68-3ca42913cca1,Vicente970 Reséndez908,M,GENERAL PRACTICE,184 MAIN STREET,FAIRHAVEN,MA,027193259,41.646106,-70.90865208079187,11,0
db17d5cf-94c6-3529-addc-de94bbc6e322,52efa2e5-007f-3396-a83a-28ca015f0595,Ranee391 Turner526,F,GENERAL PRACTICE,20 N PARK AVE STE 2200A,PLYMOUTH,MA,023604090,41.960434631488596,-70.67007876763536,9,0
02441381-0110-32e8-b80d-ef580fe874d6,069b90f9-309b-35e4-b990-d1dbacb962cc,Leo278 Strosin214,F,GENERAL PRACTICE,36 LOWER WESTFIELD ROAD,HOLYOKE,MA,010402749,42.16975305,-72.63488031242107,6,0
5c071cfa-de9f-3cd4-9ca2-89814e6acb90,8ce066ae-10ad-3679-9272-387e8cb21947,Dane516 Tromp100,M,GENERAL PRACTICE,3 CHERRY ST,NEWBURYPORT,MA,019503928,42.80038345,-70.87664535540449,44,0
22112e60-767b-35fd-a2c4-24312c1bb0a3,a2047ff6-62f2-34d7-beb9-7e164d989c75,Emma804 Larkin917,F,GENERAL PRACTICE,1200 CENTRE STREET,ROSLINDALE,MA,021311011,42.29768,-71.130463,5,0
20273282-d84b-3fb4-a58a-115cbab46967,a855314b-4fb5-37fc-8015-5caa96c928b1,Erica194 Kiehn525,F,GENERAL PRACTICE,759 CHESTNUT ST,SPRINGFIELD,MA,011991001,42.121522049999996,-72.60300615153007,28,0
43d25aa3-ad1c-3526-9f85-22a11903a1b8,48a6d3ab-50ef-349e-8945-2558a78f378e,Junior695 Kuhlman484,M,GENERAL PRACTICE,795 MIDDLE ST,SWANSEA,MA,027774114,41.730919,-71.208117,52,0
3b7f24b5-2544-3f01-ae93-5fbd27a718eb,0a8a4b11-d0b8-3cd2-92cd-983de5189cfa,Del587 Nicolas769,M,GENERAL PRACTICE,111 BIRCH STREET,LYNN,MA,019021574,42.47859105,-70.93458444045801,11,0
c8390e96-24cf-3c75-b143-3c0fea743b3f,bea92616-0fee-39b9-9a23-42c6fd899f35,Ignacio928 Beier427,M,GENERAL PRACTICE,10 ERLIN TERRACE,TEWKSBURY,MA,018762666,42.61292480142526,-71.24215126690858,1,0
9e1f1587-2bc0-371a-9022-4a38956175ab,7b7ce654-a413-37d1-9d34-97240c0ac580,Liberty95 Kihn564,F,GENERAL PRACTICE,1 WRENTHAM ST,BELLINGHAM,MA,020192532,42.025037350000005,-71.48945118224057,17,0
60c52273-9812-3153-aca7-25436858c698,929528f5-8239-36c7-aacb-39424ede9cc5,Enola75 Schinner682,F,GENERAL PRACTICE,40 SUNSET AVENUE,LENOX,MA,012402018,42.35951405,-73.28778674276077,1,0
7b2271ef-ca34-386d-8c4f-237b183cfaad,7b20d1c4-c56b-3647-801c-5e4e13679073,Mozell819 Prohaska837,F,GENERAL PRACTICE,275 SANDWICH ST,PLYMOUTH,MA,023602183,41.94186605,-70.6455366462985,188,0
96e8dd15-79d4-31e4-add8-df2f3595533d,df852cb2-9fe0-3c90-87ac-46e5f980ee3b,Claudie965 Koch169,F,GENERAL PRACTICE,3 PATTERSON ROAD  SUITE 3,SHIRLEY,MA,014642907,42.552462649999995,-71.62383665745185,9,0
1b977beb-e05e-3218-a0da-588c69ca634b,3e97ce4f-3ad7-3cea-883f-e2bb4ca89d83,José3 Cedillo160,M,GENERAL PRACTICE,30 NEW CROSSING RD,READING,MA,018673270,42.51809619399502,-71.0959083715027,6,0
e4cb9aae-1aaf-30ad-95b3-54e808817f9e,c60fc3df-9dbd-3f31-a456-41c84490266f,Booker670 Johnson679,M,GENERAL PRACTICE,146 MAC ARTHUR BOULEVARD,BOURNE,MA,025323902,41.7412166,-70.5989196,22,0
f15ad56e-390d-39b5-b61d-de48c4b7ed52,d5920b72-ac1a-3ec4-81ca-e3b75cb7aadd,Donovan745 Daugherty69,M,GENERAL PRACTICE,251 Causeway St.,Boston,MA,02114,42.3665,-71.05931,32,0
4abf716d-2035-3aa9-9614-7b61fd591a05,4f59f709-8b84-3d27-a04b-c6b7b5544413,Jamison785 Davis923,M,GENERAL PRACTICE,70 BOLTWOOD WALK,AMHERST,MA,010022271,42.3768779,-72.51840280783739,28,0
359ffd8d-f1f6-3dc9-98f6-683a7e0dbef7,36d328a2-68bb-3967-a9bf-00897a7c945f,Lynn917 Rodriguez71,M,GENERAL PRACTICE,299 WAREHAM STREET,MIDDLEBORO,MA,023462905,41.869676,-70.873384,8,0
08838990-bba1-375e-af29-42aaab03a84f,79d49935-bcc0-36ca-920b-45365c367438,Jamel269 Hudson301,M,GENERAL PRACTICE,409 W BROADWAY,SOUTH BOSTON,MA,021272245,42.336831,-71.047958,12,0
e3b2d390-652b-303e-9cbc-8e39f6191298,0f2c58ec-5323-3c0f-9bdf-af0df7eb2a2b,Owen89 Boehm581,M,GENERAL PRACTICE,130 DORCHESTER STREET,SOUTH BOSTON,MA,021272642,42.3334312,-71.0494949,46,0
ad0d90b7-52c1-3b52-b789-4756b2edcec9,cc400ddc-c38d-3604-8d89-cea21555719f,Irene779 Kirlin939,F,GENERAL PRACTICE,87 CHESTNUT ST,NATICK,MA,017603644,42.293559188306446,-71.35158050924959,60,0
21db144a-677c-3824-b227-2d5e236e52c4,c6b019eb-28ec-36f6-abf3-bcc4d1d58966,Maren639 Aufderhar910,F,GENERAL PRACTICE,33 AVON ST,WAKEFIELD,MA,018802310,42.50403445,-71.07462951514611,35,0
f85181a3-eac7-3b70-9032-7bb24c63cdf2,b5b380d2-df21-3389-abf0-08551c7e1f2d,Madeline975 Friesen796,F,GENERAL PRACTICE,85 PATTON RD,DEVENS,MA,014344401,42.5304204,-71.61505519305638,55,0
88a8cfc9-132d-3908-b907-a2e885922a7e,2836d9ac-c6a6-39d1-8f13-fdf0fc8928f4,Alysha630 Koch169,F,GENERAL PRACTICE,365 EAST ST,TEWKSBURY,MA,018761950,42.6069472,-71.2180803,127,0
629d0c11-7013-3642-9c90-db50851643f2,7dddc0c2-9f1d-3e4e-b2f2-fc7e6abbed31,Bryan958 Gibson10,M,GENERAL PRACTICE,160 MERRIMACK STREET  SUITE 1,METHUEN,MA,018446117,42.7334079,-71.13599310716302,1,0
211b5e11-60ab-3e75-ad2a-8b5304daf8cd,15e26ce3-9006-3ce2-9327-493180a15ec1,Luvenia178 Breitenberg711,F,GENERAL PRACTICE,6 GROVE ST,NORWELL,MA,020611534,42.172231693916025,-70.87836493029226,33,0
be461f9b-2579-3c2c-b175-3244f04d32b9,b5e6f1bd-c744-3556-9775-5ff8399eea33,Hedwig986 Wiza601,F,GENERAL PRACTICE,2284 MAIN ST,CONCORD,MA,017423829,42.44300895,-71.42458458423982,64,0
21ef1166-8309-3417-9524-ffa8323b71e4,7c625dc4-2593-31eb-95fd-6a912832b8bb,Ronny764 Braun514,M,GENERAL PRACTICE,980 WASHINGTON STREET  SUITE 124,DEDHAM,MA,020266704,42.228918,-71.18501264023513,11,0
3fdfc643-7026-3beb-975a-bcc39c402bdb,04b252db-4231-3cb5-963d-6f096fb4b97c,Horace32 Grady603,M,GENERAL PRACTICE,1177 PROVIDENCE HIGHWAY,NORWOOD,MA,020625019,42.194543,-71.1994976,46,0
13cc9dae-3e1e-346a-ae91-24d8f0e16890,a977feef-f585-3fa8-8deb-7e60fc2cab30,Keneth579 Schulist381,M,GENERAL PRACTICE,2314 MAIN STREET,TEWKSBURY,MA,018763128,42.58023655,-71.19367180835906,6,0
75ad2c94-a9c3-3aef-ade9-3726aef8faa9,1de7e7d9-9a7a-3a3f-bf4c-b4de450711f2,Clelia416 Morissette863,F,GENERAL PRACTICE,198 LITTLETON RD,WESTFORD,MA,018863429,42.564282,-71.42620615382347,15,0
ad36fe38-3415-3b0f-ae24-0083edc5cfdb,940d491c-ad61-3bd3-9054-d6d884280934,Morton637 Huels583,M,GENERAL PRACTICE,321 CENTRE STREET,DORCHESTER,MA,021221112,42.29394375,-71.06005213312326,1,0
e2113a82-e489-3fdd-947c-7c9ee9574c58,4705a8fd-19cd-32c1-8b3e-34bcfe84d0bd,Jimmie93 Mayert710,M,GENERAL PRACTICE,55 N WASHINGTON ST,NORTH ATTLEBORO,MA,027601607,41.983529,-71.332241,51,0
2d9337d2-6ef5-3023-9f05-3f7387275313,f2a6c4f7-f5b2-361a-95c4-3d635b352a46,Dusty207 Lynch190,F,GENERAL PRACTICE,546 SOUTH STREET EAST,RAYNHAM,MA,027671079,41.8984957,-71.03751432894776,8,0
d6931c2d-9c86-3dbd-a64a-7aa2790c2582,578b56de-fe9c-32e1-aea4-876f8bc01e9c,Ollie731 Dooley940,M,GENERAL PRACTICE,49 HILLSIDE STREET,FALL RIVER,MA,027205211,41.707406500000005,-71.14593659462452,5,0
4cac3582-612e-3a49-989c-b2087d164e42,0d7fd824-1c7b-3f8b-a662-f6c2005e82e1,Arminda86 Trantow673,F,GENERAL PRACTICE,88 MASONIC HOME ROAD,CHARLTON,MA,015071394,42.1389039,-71.9782681,28,0
5d79ce84-faba-345c-9661-57e466b28e59,ed0c5b98-dc8a-3fc9-9856-61f1a1c75b11,Edwina60 Gerhold939,F,GENERAL PRACTICE,40 JULIO DR,SHREWSBURY,MA,015453010,42.29191827853838,-71.70343631978118,1,0
a7661fa9-e4df-301a-96b9-f6ec06f416d2,a525d084-5a8f-3859-a048-2130a4092ec8,Linette249 Runte676,F,GENERAL PRACTICE,2 MOUNT ROYAL AVENUE  SUITE 350,MARLBOROUGH,MA,017521976,42.34042135,-71.57841367654626,3,0
8536499b-abe8-312b-9fed-1fe4aae76cc6,accb8cdd-6560-3fef-b0a6-f12c3295026a,Kerrie266 Bergstrom287,F,GENERAL PRACTICE,969 PARK STREET,ATTLEBORO,MA,027035115,41.9266899,-71.2611303145582,9,0
bdadb021-a181-3a1a-bc54-48c80caea209,a2df2aea-9c53-31f4-baea-02ea5ea1e553,Leon728 Lehner980,M,GENERAL PRACTICE,95 LAUREL STREET,GREENFIELD,MA,013013106,42.58163075,-72.61795013515538,14,0
39993465-9208-3dc4-bb11-650fe70988db,18a96051-91f4-3cba-af96-056ea14dfee0,Silva841 Grimes165,F,GENERAL PRACTICE,25 HIGHLAND AVENUE,NEWBURYPORT,MA,019503872,42.81369325,-70.89091645747592,32,0
3d27e86d-5385-32b3-b529-801772d29f9d,07ae483b-b351-3add-8b05-afba832b88ea,Harold594 Murray856,M,GENERAL PRACTICE,5 REDLANDS ROAD,WEST ROXBURY,MA,021321506,42.2879347,-71.15108161583282,13,0
eb4ab123-15bc-31e4-8fb8-3611f26a3e88,41e2a44c-477c-3511-96f9-12c476aa3b6a,Latoyia537 Lindgren255,F,GENERAL PRACTICE,85 E NEWTON ST,BOSTON,MA,021183553,42.336277100000004,-71.07085295687423,757,0
9af84fd9-045d-316f-bf6d-699fbaa1c6b7,5b0cd0a0-f277-3a66-bee6-d64b5be4a3f5,Maryann106 Hintz995,F,GENERAL PRACTICE,725 NORTH ST,PITTSFIELD,MA,012015493,42.4600752,-73.2492795834909,51,0
1c061e2c-2125-3697-9ccb-d1d8be47ce58,79a06fd6-9f2b-35e3-9b11-0bc5ff89e17c,Waylon572 Kovacek682,M,GENERAL PRACTICE,225 Boston Road  Suite 107,Lynn,MA,01904,42.470093,-70.95994,750,0
fe124ccd-c7c3-351c-8228-56dd6f4253e1,0a42bb03-b1a7-347d-82f3-4ba02080e55c,Niesha86 Friesen796,F,GENERAL PRACTICE,332 WASHINGTON STREET,WELLESLEY,MA,024816217,42.310362049999995,-71.27601802190625,11,0
817bd5ac-a250-3c47-a97a-d4f70c2ee86a,ad2dab07-4f85-3950-baaa-7c7cd2aa770c,Gertrud593 Kuhic920,F,GENERAL PRACTICE,55 LAKE AVENUE NORTH,WORCESTER,MA,016550002,42.2774799,-71.76166994969458,15,0
74111aae-561a-3f12-a342-57077b190ee8,1853aeef-5897-326a-80d6-aa4b0459eb6d,Jewel43 Kassulke119,M,GENERAL PRACTICE,381 WICKENDEN ST,ATTLEBORO,MA,027032247,41.9438129,-71.2806515,10,0
e319b519-3109-3c47-a3d8-f4fe711851d9,93552c27-f173-385f-8849-ee56c25f638b,Song837 Cummerata161,F,GENERAL PRACTICE,359 HIGH ST,GREENFIELD,MA,013012617,42.6033006,-72.58135309677492,1,0
6970101e-57f1-3480-853a-8b635ee55dc0,2ca615f3-87f7-3283-a447-d919a883b676,Elizbeth263 Dickinson688,F,GENERAL PRACTICE,1399 WASHINGTON ST,HANOVER,MA,023391653,42.1441354,-70.8440854,21,0
f45606e2-e672-3019-83e6-51f697037009,0583e4f7-f1c2-3100-8e0c-d0decc7ef261,Natalia964 Vigil207,F,GENERAL PRACTICE,123 WATERHOUSE ROAD,BOURNE,MA,025323890,41.72840155,-70.58506829999999,72,0
e431e118-cc59-3dd9-8ac1-a837d8060286,7f32dd7d-5c35-3ddb-839b-8fbbb930d412,Luna60 Littel644,F,GENERAL PRACTICE,863 CENTRAL STREET,FRAMINGHAM,MA,017014813,42.30758060362541,-71.42846215724606,16,0
47386c95-cfd2-3bff-96bb-8c36412efd3c,8ec2ca51-abb4-35dd-b90f-6c6aad6d2124,Elisha578 Conn188,M,GENERAL PRACTICE,22 JOHNSON STREET,PEABODY,MA,019602311,42.54644385,-70.99288129112277,1,0
b5b407dc-f6c6-3866-9158-fb7e5f4060cd,b3b56527-d366-3353-bca9-266a12f23051,Gil594 Schroeder447,M,GENERAL PRACTICE,60 QUAKER HIGHWAY,UXBRIDGE,MA,015691628,42.06100105,-71.62352848737622,5,0
d8f6fdd5-0034-3cab-b16f-d4db66b58345,125eccb3-d003-34ea-9bd8-360dff059782,Rolande819 Gerlach374,F,GENERAL PRACTICE,125 PARKER HILL AVENUE,DEDHAM,MA,020266146,42.2489143,-71.1755732,40,0
b5bc483b-42df-3336-ba3c-a9cf6f58bec0,b242f971-3c74-3778-b148-81366c1e6a3f,Leland44 Bernier607,M,GENERAL PRACTICE,10 CAREMATRIX DR,DEDHAM,MA,020266149,42.2270762,-71.17237295563174,79,0
ea80c3a1-a8e2-3709-947f-311fe65bcad9,e8d0fea4-45cb-32d3-8798-0fe6156c4409,Andrea7 Howell947,M,GENERAL PRACTICE,265 ESSEX STREET,BEVERLY,MA,019151958,42.56513015,-70.86168781456092,1,0
e45b1286-b587-3b8d-85cd-c37a8a07833c,b93ffa11-ffab-3fe0-8c28-657817801192,Flor713 Berge125,F,GENERAL PRACTICE,9 MAPLE ST,WILBRAHAM,MA,010951730,42.150018599999996,-72.42537320933242,1,0
7848ac82-5480-3e9a-8a84-fc351b8a2cb6,51e96f40-2058-378a-b3bd-d83c50d5cbcb,Winter723 Jones311,F,GENERAL PRACTICE,200 NICKERSON RD STE 110,PLYMOUTH,MA,023602480,41.75001,-70.632075,14,0
17c19846-3422-39f4-b0a4-11f302d8e4c8,aad05540-c9cb-3805-b3c4-f9b9d9b42b2e,Arla414 Fritsch593,F,GENERAL PRACTICE,821 E MAIN ST STE 3,CHICOPEE,MA,010206306,42.155774795300516,-72.55672263289513,120,0
81e4b727-5c49-3fe2-a3c8-1d263966e832,19a3afba-b409-3650-a0ab-f3faf6e391ef,Patrina117 Strosin214,F,GENERAL PRACTICE,199 REEDSDALE RD,WALTHAM,MA,024511433,42.3756401,-71.2358004,2,0
65a8987f-5069-320d-ae64-856bcd64b586,0e9d0119-1157-35a0-8bb5-7e0aa3041928,Gino587 Trantow673,M,GENERAL PRACTICE,1049 MAIN STREET,SPRINGFIELD,MA,011032114,42.09977055,-72.58470990760483,116,0
1f32abb2-a0f0-3921-b86c-447b85476562,76b7dbb5-0a02-32a4-9a01-3511f7e45016,Emerita401 Satterfield305,F,GENERAL PRACTICE,59 COUNTRY WAY,SCITUATE,MA,020663746,42.1806871,-70.74862935148246,9,0
0d850c6b-381b-3610-8314-d2714809527e,25c85bcc-7e25-36bc-89e8-08e0d473db23,Sharron285 Okuneva707,F,GENERAL PRACTICE,138 S MAIN ST STE 14,MILFORD,MA,017573272,42.1270746,-71.51639128815474,261,0
2809ec59-995e-397b-bca6-9cd78546bf84,2fb77691-5353-358a-bc94-90af77dd654b,Donnell534 D'Amore443,M,GENERAL PRACTICE,200 GROTON RD,AYER,MA,014321168,42.577352149999996,-71.57414587343038,1,0
7755356b-646b-38d5-8c38-b592fb8445af,ede8251b-e165-3ef6-b8a0-305217ba8e88,Gene733 Boyle917,F,GENERAL PRACTICE,710 STOCKBRIDGE RD,LEE,MA,012389316,42.29155405,-73.28210389651024,24,0
c60c4fe1-fa3a-3e4c-82ab-673ed9e9b08f,d6c165ec-d9ca-35a5-9bc8-2061cbfb83a2,Linn541 Lynch190,F,GENERAL PRACTICE,10 ADAMS ST,NORTH CHELMSFORD,MA,018631780,42.6389249,-71.3840196,24,0
62f3c179-c1d7-330d-889b-a99220a6c4de,1cec4304-9757-3a10-ad4f-7e2090c56131,Eugene421 Rohan584,F,GENERAL PRACTICE,55 LAKE AVE N,WORCESTER,MA,016550002,42.2774799,-71.76166994969458,86,0
38e1e7f3-36b0-3909-b322-36914c6338fa,82ed13dd-9643-31e1-a56c-ff9a28a9d671,Camila223 Cartwright189,F,GENERAL PRACTICE,290 ROUTE 130,FORESTDALE,MA,02644,41.713592,-70.4889162,56,0
ae9d1237-e8e4-3dd2-9a9a-f1ea709cad49,5862e05c-9533-3f7a-8f73-215d50f5ee2f,Estell607 Barton704,F,GENERAL PRACTICE,1200 CENTRE ST,ROSLINDALE,MA,021311000,42.29768,-71.130463,120,0
fb78cf38-c23a-39d6-a704-a32c30c27217,a8f1424c-00bc-3403-8db5-cd600978f3a4,Amos720 Bogan287,M,GENERAL PRACTICE,8 BURNHAM ST,TURNERS FALLS,MA,013761816,42.6042523,-72.5564777,77,0
8c5b9625-a7a4-3f1a-9b53-db6355e52541,a5577e5c-b886-37a0-8eee-8ff6feb7ea6b,Leopoldo762 Keebler762,M,GENERAL PRACTICE,330 MOUNT AUBURN ST,CAMBRIDGE,MA,021385502,42.3741033,-71.13417575971958,29,0
6ee8309d-dc69-334d-afbb-ac14aaff9d10,5581e43d-0463-3a0b-afc7-a60aea5ac96c,Brock407 VonRueden376,M,GENERAL PRACTICE,57 RIVER RD,ANDOVER,MA,018101144,42.69112645,-71.19636086287642,22,0
577e5e61-0778-34ff-bc7d-c20eecb23029,7dcab1ad-0e13-3700-9eb0-70767c5e2b55,Dana512 Wilkinson796,F,GENERAL PRACTICE,1515 ALLEN ST,SPRINGFIELD,MA,011181803,42.095299499999996,-72.50943136142334,1,0
8ac7e8e7-252f-33f3-9027-b9c7c89874e5,ce9c1582-994d-32bf-835c-474a249d2804,Maude482 Veum823,F,GENERAL PRACTICE,275 MARTINE STREET  SUITE 104,FALL RIVER,MA,027231500,41.68393816525316,-71.1220830626733,1,0
e912da08-a067-3b31-ba40-10395bebae3e,6ea4d3d6-d820-387a-a3d1-ed5944ad47a2,Fabian647 Larkin917,M,GENERAL PRACTICE,232 PLEASANT ST,METHUEN,MA,018447152,42.7397562,-71.17113575205717,30,0
253312f9-1569-3e0d-80d5-e00b5943e96f,966245ce-e84d-36b0-a838-2e0b5bb2e668,Ester635 Longoria249,F,GENERAL PRACTICE,1425 BLUE HILL AVENUE,MATTAPAN,MA,021262122,42.2754929,-71.09384131587021,14,0
0cdfefe2-468f-3fdb-b819-cc273b4eeb93,845fbd9b-2d1c-39a8-8261-28ae40e4fab2,Bennett146 Rippin620,M,GENERAL PRACTICE,14 PROSPECT STREET,UPTON,MA,015681431,42.1700209025178,-71.59409308099494,525,0
328ec1a9-eb79-3b76-a0b4-4feafb199b16,946ec45f-5c4a-361f-b158-927144864133,Jorge203 Harvey63,M,GENERAL PRACTICE,19 MIDSTATE DRIVE  SUITE 130,AUBURN,MA,015011856,42.1894693,-71.85604765,1,0
bdcd2cd1-6f3e-30d3-b1a9-fd2ddd506ef8,bac9dc0c-cb0f-3fa6-aa12-819dd0fb922a,Floy720 Greenfelder433,F,GENERAL PRACTICE,1493 CAMBRIDGE ST,SOMERVILLE,MA,021452935,42.3875968,-71.0994968,25,0
66f39142-5926-334b-82b9-0924300b2dc6,84d5768f-3a21-3da9-aad2-bbf7a3ae2700,Elba502 Schneider199,F,GENERAL PRACTICE,817 MERRIMACK ST,LOWELL,MA,018543548,42.650296999999995,-71.32263756223612,28,0
932c3d19-5133-3482-96bb-1f18e92e5dfa,9ce6072b-d039-3cde-8eaf-950211b8ae88,Terrie907 Ratke343,F,GENERAL PRACTICE,147 S MAIN ST,MIDDLETON,MA,019492446,42.585787222720036,-71.00861442427218,3,0
a816278e-3fd8-3aa6-a304-6fb25390ed3e,af8566eb-8918-3ec7-ba44-92b6a2cf8097,Trevor374 Walker122,M,GENERAL PRACTICE,81 HIGHLAND AVE,SALEM,MA,019702714,42.5112107,-70.90516241826194,91,0
7c57d31d-01ab-3c80-a9c3-d0779a017445,d4a03501-69f6-3a89-ac27-ed25976fdb6f,Virgen207 Hyatt152,F,GENERAL PRACTICE,25 WOODLAND ROAD,STONEHAM,MA,021801705,42.450448800000004,-71.09076944938434,4,0
a2a7033a-dc9f-32fb-ac19-6d840c4f0c46,ecd3b321-0a8a-3ce6-81f0-982dd77fce43,Tracie996 Lesch175,F,GENERAL PRACTICE,25 HIGHLAND AVE,NEWBURYPORT,MA,019503867,42.81369325,-70.89091645747592,69,0
4870966f-8cbe-33d6-8769-070c73678b3f,9a20d707-68e4-32c0-b2b2-2f5d5c2012cd,Gerard367 Pouros728,M,GENERAL PRACTICE,131 CAMBRIDGE ST STE 1,BURLINGTON,MA,018033711,42.50284395,-71.19574553661971,77,0
f3f0e75a-a7e7-32c0-bcde-1d8ae2539301,f90ef475-defe-363d-a926-573b38f804a2,Kristopher775 Schiller186,M,GENERAL PRACTICE,54 HOPEDALE ST,HOPKINTON,MA,017481672,42.2288875,-71.5196439,67,0
1c3434d6-c34a-391b-a850-e4a17389e495,071a898d-3535-39fd-bf61-d33301aacd04,Jefferey580 Luettgen772,M,GENERAL PRACTICE,104 CHARLES ELDRIDGE RD,LAKEVILLE,MA,023471370,41.8459353,-70.9494854,3,0
f9ad3df8-31e4-306b-bab9-ead95bc0a5e4,41f66e18-8eb7-32f2-9371-7df5bf2b8d21,Lonnie913 Mraz590,M,GENERAL PRACTICE,170 UNIVERSITY DRIVE,GREENFIELD,MA,013011238,42.6097476,-72.5979752,9,0
6e22b358-e268-3642-a220-531acd2c56b0,a25107f7-f4f5-36fc-98e4-f3e1b5875c91,Yesenia104 Wilderman619,F,GENERAL PRACTICE,1285 BEACON ST,WOBURN,MA,018012157,42.4979478,-71.1684508,3,0
43de1288-d43e-3943-b676-93f7f91876a8,0e6c3ad1-24c1-34cb-bb6d-e8438fa319e2,Vern731 Casper496,M,GENERAL PRACTICE,50 DODGE ST,SWAMPSCOTT,MA,019071300,42.4699241,-70.9171507,4,0
a9c1f65c-5097-3b90-976e-f0a414d798ce,b4ca31a9-9d34-3ea1-93c4-443941622304,Ellie521 Nicolas769,F,GENERAL PRACTICE,102 MAIN ST,GREENFIELD,MA,013013224,42.5879173,-72.6055828841603,68,0
a1e37021-2b5b-3363-8230-3bedb1546f57,3662bcd2-07cc-364c-bd86-161bb738aacf,Arielle168 Dare640,F,GENERAL PRACTICE,1340 CENTRE ST STE 208,NEWTON,MA,024611900,42.3281027,-71.19582114345262,2,0
f3b3f765-da5a-390d-90b8-73d0be9056d3,3695125c-c052-3ece-898a-2a6448987ae5,Rosanna866 DuBuque211,F,GENERAL PRACTICE,2040 BOSTON RD STE 5,WILBRAHAM,MA,010951380,42.150295650000004,-72.47288272264812,4,0
9dd6f0fc-fe45-304b-ad1e-d45fc3b85cc6,05fcf001-ab24-3d7d-85f7-f64942d82738,Leonarda398 Schumm995,F,GENERAL PRACTICE,250 POND STREET,FRAMINGHAM,MA,017014592,42.2838619,-71.4093719,780,0
98bac7c8-7ad1-37c0-b5b2-f415b73cbdbc,7e6db51f-7c1b-3555-9e1c-6269ba6d704d,Drew592 Streich926,M,GENERAL PRACTICE,120 STAFFORD STREET SUITE 206,WORCESTER,MA,016031461,42.239638,-71.8443785891577,32,0
233fb16a-7863-302c-9f5f-89510359f94f,0e3a24c3-b772-3059-b3fd-8a4710068a82,Rex53 Gerhold939,M,GENERAL PRACTICE,416 BROADWAY,RAYNHAM,MA,027671737,41.940680799999996,-71.07864352196617,68,0
8874e5db-98f7-3e94-9222-13b1c19563a6,7d627533-adbd-320a-9054-db91a2811597,Lester513 Schroeder447,M,GENERAL PRACTICE,480 JACKSON ST,METHUEN,MA,018444020,42.7327291,-71.16807304424162,1,0
bf43f1fb-e660-3b67-854f-dcc166741a02,9adfae03-673d-365d-9052-f705098fa3e4,David908 Serrato62,M,GENERAL PRACTICE,51 BLOSSOM ST,BOSTON,MA,021142699,42.36305545,-71.06643399281765,93,0
bf42fa12-5339-3889-8140-837e86456238,48a07866-e8d7-3268-aa3c-ca3237c8e6f3,Moshe758 Stamm704,M,GENERAL PRACTICE,188 PROVIDENCE ST,HYDE PARK,MA,021361861,42.2682551,-71.12174592925336,34,0
d518d16d-40ad-31a5-ac4f-a0031a7d4138,25431f9a-00e4-36d8-9810-4125328eec50,Paris331 Ruecker817,M,GENERAL PRACTICE,55 FRUIT ST,WALTHAM,MA,02451,42.3756401,-71.2358004,1,0
c85788c6-cd59-320c-bf67-b04aede4a4e0,01bde980-bf89-3138-8912-7360dff33247,Caroline183 Lang846,F,GENERAL PRACTICE,456 PARK AVE,WORCESTER,MA,016101254,42.25512735,-71.82580924803523,12,0
02732025-956c-35fe-9f11-31f42226ec52,217cb6f6-e822-3831-9d9d-ffa104971042,Cira533 Jakubowski832,F,GENERAL PRACTICE,2 REHABILITATION WAY,WOBURN,MA,018016003,42.46352265,-71.161925472006,15,0
97a0949c-5ea6-3af7-835c-233241a674cf,8a6e21d0-da20-3378-8176-4e5ad2b51983,Laine739 Torphy630,F,GENERAL PRACTICE,84 ELM STREET,HOLLISTON,MA,017462138,42.20234485,-71.42493275079366,1,0
7274d463-bf93-33c4-83e7-c4114bbcc569,4e56c7ec-99e5-3023-8e4f-95ad18a03f06,Duane703 Bosco882,M,GENERAL PRACTICE,28 RIVERSIDE DR STE 101,PEMBROKE,MA,023594947,42.11004715,-70.77534154695786,17,0
5b4dad49-21d7-3e70-8e1b-93b035b8c1e2,e2a8b444-9b8f-36ff-84c4-05ee98589482,Elmer371 Gusikowski974,M,GENERAL PRACTICE,8 SHIPWAY PL # C-8,CHARLESTOWN,MA,021294301,42.3778749,-71.0619957,92,0
85e48398-469a-304a-b504-466db32d0a75,e0cc7e8e-e1a4-3a02-b589-0a35741d39fe,José Luis472 Guerrero997,M,GENERAL PRACTICE,990 PARADISE RD,SWAMPSCOTT,MA,019071831,42.48374535000001,-70.90120467000462,78,0
3729a192-89ca-39ea-b996-bf59cc103eb5,121b0ad1-1beb-3caa-9271-3d3f726bb727,Kyoko885 Price929,F,GENERAL PRACTICE,1030 MAIN STREET,WALTHAM,MA,024517447,42.375828,-71.2527956,27,0
e94be224-de90-3f11-aa27-9ca7a94ae27a,f6ba791e-fe68-3596-bef4-60751db6a60e,Freeda113 Crooks415,F,GENERAL PRACTICE,37 BIRCH STREET,MILFORD,MA,017575501,42.1424349,-71.48943173357203,34,0
2e9080fe-a37e-3fd5-a451-4c3f2670320a,0dfa7ab2-4acc-360c-ab55-beb8e38a8c1d,Teresa94 Delatorre612,F,GENERAL PRACTICE,36 CORTADGE PARK,PLYMOUTH,MA,023607320,41.9426657,-70.7618592,43,0
d1a48ee2-af74-3b20-af57-b213e9a76c13,95f6c328-96dd-3fb8-a56e-9aad566094b4,Burton124 Schoen8,M,GENERAL PRACTICE,4 STONY HILL ROAD,WILBRAHAM,MA,010951027,42.1552861,-72.48384800788648,6,0
471a7750-bd79-335a-90a8-291beec2ab9b,76baa51d-0d0f-359d-a07b-7b999a43d42e,Blanca837 Castro740,F,GENERAL PRACTICE,101 STATION DR STE 240,WESTWOOD,MA,020902336,42.20728361922244,-71.15698168263435,79,0
e24e7984-2a5b-3da2-bfe6-f546bc1d34ef,e0584fe3-c4f7-33c7-986b-2568383d7307,Kenneth671 Blanda868,M,GENERAL PRACTICE,120 MAPLE ST STE 303,SPRINGFIELD,MA,011031930,42.1064397,-72.63777529283192,17,0
7cc19d4d-7745-3109-907e-828b5f30bd1c,4d780f61-40cc-3bcb-822b-cb51d398966f,Asley870 Stiedemann542,F,GENERAL PRACTICE,5 GAMELIN ST,HOLYOKE,MA,010404080,42.1642525,-72.63755321877633,1,0
12d0cceb-ca88-3e4a-b2dd-c5e5241f81bc,20f63278-6709-3195-b767-782d2a10bd5c,Jamie386 Krajcik437,M,GENERAL PRACTICE,640 CONCORD AVENUE,CAMBRIDGE,MA,021381116,42.389222000000004,-71.14799280677965,4,0
1b9c7951-c2f0-3010-b4d9-2be55b8fb7f2,c709c5eb-ddd7-3778-84f7-0931a4d1c718,Carmelina668 Goyette777,F,GENERAL PRACTICE,1200 CENTRE ST,ROSLINDALE,MA,021311000,42.29768,-71.130463,40,0
36d3916f-22cf-3508-9309-d16347fc8426,8d81bd8c-ad6c-37f7-95c9-75fd3de24e86,Hunter736 Marquardt819,M,GENERAL PRACTICE,118 MAIN ST,STURBRIDGE,MA,015661533,42.0905134,-72.06606362965572,21,0
3ed4dce8-9649-37ba-afdf-c88626b12dea,ac0fde88-b0ad-3388-a4a8-b8fc2a4f4af2,Bobbye345 Wuckert783,F,GENERAL PRACTICE,150 YORK STREET,STOUGHTON,MA,020729105,42.144646800000004,-71.09875876961266,40,0
6a840656-0b88-3cff-93ad-bd32798ae113,0592d4e5-a0fb-3143-83cd-8e5a6b066a96,Mica978 Lemke654,F,GENERAL PRACTICE,20 EAST ST,HANOVER,MA,023391638,42.1278249,-70.82664947485381,30,0
37774c66-2648-3793-a1c8-561280662ca2,7b5bf0fc-c5c0-3f22-980b-fdfff326a9b4,Tabitha433 Kling921,F,GENERAL PRACTICE,40 CUMBERLAND AVE,NORTH ATTLEBORO,MA,027604445,41.9316677,-71.35407469790115,1,0
2eab29f9-202b-3cc4-ae8b-ae490f7289a3,6aae7a31-90df-3455-ad8d-81f8cf2d21e8,Damaris45 Funk324,F,GENERAL PRACTICE,680 CENTRE ST,BROCKTON,MA,023023308,42.0872752,-70.9910738855076,86,0
